Node	Total SNPs	Number of SNPs Inside Recombinations	Number of SNPs Outside Recombinations	Number of Recombination Blocks	Bases in Recombinations Including Gaps	Cumulative Bases in Recombinations Including Gaps	Bases in Recombinations Excluding Gaps	Cumulative Bases in Recombinations Excluding Gaps	r/m	rho/theta	Genome Length	Bases in Clonal Frame
INOAA55D	8892	8229	663	118	778983	868410	607487	681699	12.411765	0.177979	4249647	3895896
INOCHD003Aii	63	8	55	1	16836	739245	3465	600317	0.145455	0.018182	4346037	3620373
INOCHD044Ei	1251	825	426	10	168261	416496	89816	306813	1.936620	0.023474	4341454	4025147
INOCHD059A	2	0	2	0	0	1563880	0	1328209	0.000000	0.000000	4283194	2858177
INOCHD059C	19	9	10	1	15	1563880	15	1327850	0.900000	0.100000	4282622	2857930
INOCHD98J	5793	5272	521	29	438495	778539	347383	628574	10.119002	0.055662	4305392	3716712
INOCHH015B	3785	2896	889	19	340149	473835	231237	360914	3.257593	0.021372	4137234	3864651
INOJKH042D	268	3	265	1	3073	833993	42	678300	0.011321	0.003774	4299688	3527095
INOLKD067F	0	0	0	0	0	451528	0	364290	0.000000	0.000000	4410745	3970887
INOLKD067J	1	0	1	0	0	451528	0	364665	0.000000	0.000000	4411459	3971573
INOLKH209F	60	27	33	1	23491	1374570	9070	1183281	0.818182	0.030303	4312881	3080405
INOLKH217A	836	453	383	4	53066	882701	48865	720369	1.182768	0.010444	4208926	3438991
INOLKH217D	2	0	2	0	0	625306	0	476985	0.000000	0.000000	4314521	3705056
INOLKH217E	4	0	4	0	0	625306	0	476479	0.000000	0.000000	4313295	3703879
INOLLD026A	11	4	7	1	6	541679	6	436178	0.571429	0.142857	4348194	3821556
INOLLD026C	17	9	8	2	5487	541679	2243	435055	1.125000	0.250000	4346201	3819640
INOLLD027A	0	0	0	0	0	467049	0	397112	0.000000	0.000000	4415943	3958683
INOLLD027E	1	0	1	0	0	467049	0	397697	0.000000	0.000000	4419028	3961568
INOLLD104C	2815	2197	618	14	398783	577883	274789	409468	3.555016	0.022654	4287131	3758168
INOLLD109F	4675	4119	556	15	449317	713519	334232	563783	7.408273	0.026978	4211577	3666245
INOLLD115G	2	0	2	0	0	637576	0	464754	0.000000	0.000000	4309520	3684442
INOLLD115H	3	0	3	0	0	637576	0	464629	0.000000	0.000000	4309374	3684310
INOLLD115I	0	0	0	0	0	637576	0	464880	0.000000	0.000000	4309729	3684662
INOLLD115J	2	0	2	0	0	637576	0	464695	0.000000	0.000000	4309505	3684441
INOLLD98A	2	0	2	0	0	633079	0	473660	0.000000	0.000000	4306962	3686545
INOLLD98B	3	0	3	0	0	633079	0	473376	0.000000	0.000000	4306119	3685751
INOLLH021F	3	0	3	0	0	790328	0	640002	0.000000	0.000000	4330267	3554200
INOLLH021H	8	5	3	1	6	790328	6	641716	1.666667	0.333333	4334720	3558124
INOLLH022B	286	79	207	4	14640	547452	8669	412550	0.381643	0.019324	4344159	3807163
INOLLH029A	2058	1729	329	4	122264	713833	94810	578542	5.255319	0.012158	4289851	3677443
INOLLH063F	4	3	1	1	6	655394	6	511400	3.000000	1.000000	4328128	3701836
INOLLH063J	0	0	0	0	0	655394	0	511367	0.000000	0.000000	4327987	3701757
INOLLH066A	10	3	7	1	180	620035	126	465965	0.428571	0.142857	4303413	3706947
INOLLH066C	5	0	5	0	0	620035	0	467789	0.000000	0.000000	4307886	3711142
INOLLH067F2	1740	1491	249	6	88385	564578	84101	459341	5.987952	0.024096	4404681	3867502
INOLLH068D	3444	2974	470	29	397417	714681	288866	566360	6.327660	0.061702	4224200	3660099
INOLLH069A	11	7	4	2	14	1579121	14	1335353	1.750000	0.500000	4288037	2842319
INOLLH069D	8	0	8	0	0	1579121	0	1335042	0.000000	0.000000	4287278	2841983
INOLLH078A	0	0	0	0	0	661974	0	522671	0.000000	0.000000	4347114	3697959
INOLLH078B	0	0	0	0	0	661974	0	522960	0.000000	0.000000	4347604	3698433
INOLLH079A	24	17	7	3	31	661974	29	519902	2.428571	0.428571	4340759	3691898
INOLLH079D	0	0	0	0	0	661974	0	522726	0.000000	0.000000	4347222	3698064
INOLLH084D	1035	751	284	8	154586	464886	109957	372388	2.644366	0.028169	4401551	3965540
INOLLH093F	0	0	0	0	0	451528	0	364639	0.000000	0.000000	4411187	3971314
INOLLH093G	2	0	2	0	0	451528	0	364613	0.000000	0.000000	4411329	3971428
INOLLH103B	3	0	3	0	0	611117	0	453650	0.000000	0.000000	4298404	3715011
INOLLH103C	2	0	2	0	0	611117	0	452779	0.000000	0.000000	4296424	3713205
INOLLH115A	1	0	1	0	0	584549	0	460563	0.000000	0.000000	4386162	3811881
INOLLH115B	1	0	1	0	0	584549	0	460759	0.000000	0.000000	4386654	3812360
INOLLH130A	5	3	2	1	6	625306	6	479704	1.500000	0.500000	4315411	3705902
INOLLH130C	6	0	6	0	0	625306	0	477406	0.000000	0.000000	4309636	3700452
INOLLH139A	4	4	0	1	6	738829	6	608629	0.000000	0.000000	4362163	3632592
INOLLH139B	0	0	0	0	0	738829	0	607800	0.000000	0.000000	4360595	3631062
INOLLH170C	2081	1612	469	6	186671	539645	135555	408973	3.437100	0.012793	4320717	3823956
INOLLH233A	3	0	3	0	0	655391	0	513877	0.000000	0.000000	4330643	3704423
INOLLH233C	0	0	0	0	0	655391	0	513553	0.000000	0.000000	4330253	3704022
INOLLH235H	25	0	25	0	0	633079	0	474370	0.000000	0.000000	4322175	3701741
INOLLH240A	6	6	0	1	13	535534	13	451800	0.000000	0.000000	4387841	3862473
INOLLH240B	0	0	0	0	0	535534	0	451542	0.000000	0.000000	4387354	3861963
INOLLH255A	9	6	3	1	8	552795	8	417207	2.000000	0.333333	4371668	3847890
INOLLH255D	3	0	3	0	0	552795	0	417486	0.000000	0.000000	4372088	3848307
INOLLH259G	39	7	32	2	19	637576	16	447963	0.218750	0.062500	4291769	3667205
INOLLH268A	4	0	4	0	0	581260	0	426276	0.000000	0.000000	4271628	3716741
INOLLH268C	0	0	0	0	0	581260	0	425778	0.000000	0.000000	4270674	3715846
INOLLH26A2	1	0	1	0	0	801586	0	644778	0.000000	0.000000	4320750	3532442
INOLLH290A	0	0	0	0	0	441900	0	342852	0.000000	0.000000	4374445	3938673
INOLLH290C	0	0	0	0	0	441900	0	342671	0.000000	0.000000	4374244	3938461
INOLLH290E	4	3	1	1	6	441900	6	342732	3.000000	1.000000	4374817	3939027
INOLLH321F	7	0	7	0	0	841632	0	696754	0.000000	0.000000	4315548	3484138
INOLLH321H	5	3	2	1	3	841632	3	696483	1.500000	0.500000	4315060	3483714
INOLLH325A	4	0	4	0	0	541511	0	444042	0.000000	0.000000	4358289	3831298
INOLLH325B	7	5	2	1	8	541511	8	445876	2.500000	0.500000	4361289	3834290
INOLLH325H	392	38	354	2	14120	438230	3753	332981	0.107345	0.005650	4372924	3940216
INOLLH341A	4565	4403	162	12	362505	843042	262984	670827	27.179012	0.074074	4334487	3575872
INOLWD011F	15	4	11	1	6	584549	6	458745	0.363636	0.090909	4381889	3807869
INOLWH241C	5135	4696	439	30	530266	680531	419399	557012	10.697039	0.068337	4338022	3898926
INOLWH266B	52	0	52	0	0	661974	0	521899	0.000000	0.000000	4345853	3696717
INOMND064A	2	0	2	0	0	801586	0	644885	0.000000	0.000000	4321171	3532794
INOMND64C	0	0	0	0	0	801586	0	644248	0.000000	0.000000	4319805	3531598
INOMNH106C	2914	2711	203	16	337454	852854	278311	709283	13.354680	0.078818	4327282	3574494
INOMNH284F	2	0	2	0	0	1368936	0	1195724	0.000000	0.000000	4329652	3096943
INOMNH284H	3	0	3	0	0	1368936	0	1195982	0.000000	0.000000	4330111	3097141
INOMNH347F	7	0	7	0	0	698923	0	546388	0.000000	0.000000	4315182	3628523
INOMNH347H	1	0	1	0	0	698923	0	547015	0.000000	0.000000	4316320	3629615
INOMNH347I	5	4	1	1	6	698923	6	547206	4.000000	1.000000	4316433	3629695
INOMNH347J	4	3	1	1	7	698923	7	546826	3.000000	1.000000	4315821	3629104
LLH123A	7522	6884	638	36	578553	894667	454743	702466	10.789968	0.056426	4219416	3642288
Reference	2145	2010	135	10	207907	486457	207907	486457	14.888889	0.074074	4612174	4164405
Node_1	98	7	91	1	772	655391	746	514145	0.076923	0.010989	4331197	3704895
Node_2	129	66	63	4	16063	655394	4834	511707	1.047619	0.063492	4328663	3702338
Node_3	3525	3045	480	20	367902	655391	260880	517898	6.343750	0.041667	4336048	3839974
Node_4	2260	2132	128	15	355523	519477	254384	413745	16.656250	0.117188	4370840	4089203
Node_5	1779	1738	41	13	303899	303899	275266	275266	42.390244	0.317073	4390580	4390580
Node_6	46	5	41	1	168	541679	168	436757	0.121951	0.024390	4349624	3822930
Node_7	62	0	62	0	0	541511	0	446124	0.000000	0.000000	4361913	3834831
Node_8	6761	6068	693	35	507345	541511	419342	447228	8.756133	0.050505	4363255	4289346
Node_9	34	0	34	0	0	451528	0	364914	0.000000	0.000000	4411844	3971937
Node_10	33	0	33	0	0	451528	0	364888	0.000000	0.000000	4411845	3971944
Node_11	1126	759	367	5	139675	451528	94974	365155	2.068120	0.013624	4412329	4004823
Node_12	4057	3756	301	7	253748	552795	170606	417717	12.478405	0.023256	4372678	3936247
Node_13	37	3	34	1	14	1368936	14	1196335	0.088235	0.029412	4330642	3097523
Node_14	15066	14686	380	321	1104672	1368936	952414	1196747	38.647369	0.844737	4334257	3899238
Node_15	0	0	0	0	0	446636	0	405456	0.000000	0.000000	4458257	4021771
Node_16	1606	1435	171	6	177078	467049	125036	398120	8.391813	0.035088	4419917	3981715
Node_17	117	81	36	4	26740	447769	26740	447769	2.250000	0.111111	4612174	4165538
Node_18	64	55	9	6	24226	446636	24226	446636	6.111111	0.666667	4612174	4165661
Node_19	5453	5223	230	36	522788	841632	435210	697044	22.708696	0.156522	4316202	3679905
Node_20	3	0	3	0	0	801586	0	645232	0.000000	0.000000	4321750	3533342
Node_21	1615	1540	75	4	192529	801586	131845	645304	20.533333	0.053333	4321874	3544716
Node_22	1435	1388	47	4	172321	790328	125178	641887	29.531916	0.085106	4335308	3558574
Node_23	3653	3410	243	40	429023	790328	337412	660424	14.032922	0.164609	4364877	3728910
Node_24	1801	1713	88	19	313394	646491	254605	544245	19.465910	0.215909	4393830	3902620
Node_25	42	4	38	1	1265	738829	1265	608700	0.105263	0.026316	4362359	3633093
Node_26	1985	1803	182	10	235402	738518	186746	609218	9.906593	0.054945	4363313	3650392
Node_27	4585	4407	178	18	381847	1579121	298573	1336549	24.758427	0.101124	4289788	2858741
Node_28	819	752	67	8	213576	1563880	164588	1329351	11.223881	0.119403	4284813	2859311
Node_29	22288	21979	309	422	1169553	1563880	1009390	1368742	71.129448	1.365696	4328136	3569673
Node_30	0	0	0	0	0	768831	0	675593	0.000000	0.000000	4397251	3638592
Node_31	152	123	29	7	76663	768831	70182	683289	4.241379	0.241379	4418887	3706843
Node_32	5903	5738	165	41	582530	722170	528570	646774	34.775757	0.248485	4429201	3937088
Node_33	16	3	13	1	3	584549	3	461064	0.230769	0.076923	4387260	3812934
Node_34	4489	4170	319	20	403176	584549	307829	461229	13.072101	0.062696	4387695	3894112
Node_35	2684	2310	374	13	259779	535534	211243	451916	6.176471	0.034759	4388170	3894495
Node_36	42	28	14	3	29292	503802	14273	434113	2.000000	0.214286	4442731	3951514
Node_37	38	21	17	3	4028	501335	4028	451399	1.235294	0.176471	4467807	3975686
Node_38	422	412	10	7	103835	501335	82062	458205	41.200001	0.700000	4478205	4030236
Node_39	3513	3457	56	10	329795	547452	262542	447994	61.732143	0.178571	4417364	3970355
Node_40	224	215	9	7	68521	457183	59887	429444	23.888889	0.777778	4481127	4043828
Node_41	57	27	30	2	9492	446513	9492	446513	0.900000	0.066667	4612174	4165661
Node_42	5360	5043	317	16	463026	611117	353629	454071	15.908517	0.050473	4299219	3863283
Node_43	17	3	14	1	200	446513	200	446513	0.214286	0.071429	4612174	4165661
Node_44	1108	1056	52	6	134301	446513	134301	446513	20.307692	0.115385	4612174	4193053
Node_45	3311	3078	233	22	300754	419121	300754	419121	13.210300	0.094421	4612174	4395770
Node_46	1	0	1	0	0	441900	0	343262	0.000000	0.000000	4375441	3939644
Node_47	370	77	293	5	8454	441900	2568	343416	0.262799	0.017065	4375954	3943804
Node_48	1320	1080	240	7	211216	438230	128606	349852	4.500000	0.029167	4391190	4073918
Node_49	790	731	59	4	162711	322434	128102	280292	12.389831	0.067797	4399771	4188528
Node_50	558	530	28	14	157383	216404	157383	216404	18.928572	0.500000	4612174	4538265
Node_51	290	210	80	9	73909	73909	73909	73909	2.625000	0.112500	4612174	4612174
Node_52	0	0	0	0	0	0	0	0	0.000000	0.000000	4612174	4612174
Node_53	2	0	2	0	0	698923	0	547278	0.000000	0.000000	4316889	3630115
Node_54	1	0	1	0	0	698923	0	547725	0.000000	0.000000	4317614	3630828
Node_55	4053	3594	459	27	390609	698923	333855	547954	7.830065	0.058824	4318084	3778553
Node_56	2118	1578	540	13	269641	581260	218360	426506	2.922222	0.024074	4272255	3746964
Node_57	1998	1820	178	11	277872	551630	203932	439562	10.224719	0.061798	4366966	3834248
Node_58	488	433	55	14	187066	543380	167519	440434	7.872727	0.254545	4377971	3871196
Node_59	1450	952	498	11	216175	620035	158335	468349	1.911647	0.022088	4308762	3733621
Node_60	2107	2019	88	15	343923	598427	277016	480602	22.943182	0.170455	4360135	3852388
Node_61	1	0	1	0	0	637576	0	465447	0.000000	0.000000	4310711	3685605
Node_62	1	0	1	0	0	637576	0	465582	0.000000	0.000000	4310961	3685834
Node_63	38	0	38	0	0	637576	0	465639	0.000000	0.000000	4311162	3686014
Node_64	3843	3446	397	20	449334	637576	333658	467577	8.680100	0.050378	4313717	3808746
Node_65	50	0	50	0	0	625306	0	480180	0.000000	0.000000	4316210	3706543
Node_66	52	3	49	1	21	625306	21	477433	0.061224	0.020408	4315323	3705801
Node_67	4429	3964	465	18	423746	625306	334651	480722	8.524732	0.038710	4327359	3825577
Node_68	2	0	2	0	0	517394	0	419392	0.000000	0.000000	4354876	3849602
Node_69	171	124	47	7	70535	517394	36963	427997	2.638298	0.148936	4378538	3871161
Node_70	67	14	53	2	9102	516955	9102	437598	0.264151	0.037736	4390827	3883274
Node_71	40	0	40	0	0	633079	0	474233	0.000000	0.000000	4307930	3687471
Node_72	4107	3486	621	25	438935	633079	338325	474929	5.613526	0.040258	4324119	3819797
Node_73	574	536	38	13	188956	516920	144781	438032	14.105263	0.342105	4391876	3948703
Node_74	398	349	49	12	157441	452248	146273	423302	7.122449	0.244898	4429802	4041313
Node_75	2411	2336	75	19	368373	589477	312543	501598	31.146667	0.253333	4339676	3905667
Node_76	3	0	3	0	0	661974	0	523160	0.000000	0.000000	4348094	3698895
Node_77	0	0	0	0	0	661974	0	523281	0.000000	0.000000	4348301	3699097
Node_78	71	0	71	0	0	661974	0	523457	0.000000	0.000000	4348538	3699333
Node_79	586	225	361	6	87816	661974	43649	523483	0.623269	0.016620	4348700	3726761
Node_80	3165	2996	169	21	378958	634706	294837	527535	17.727810	0.124260	4371394	3822610
Node_81	1225	1171	54	14	264454	561020	222354	483662	21.685184	0.259259	4389242	3955222
Node_82	409	390	19	11	141785	446253	111494	389869	20.526316	0.578947	4416177	4029860
Node_83	1074	941	133	24	240840	397563	236594	381827	7.075188	0.180451	4455344	4175436
Node_84	10406	9825	581	92	750348	830920	625601	695080	16.910500	0.158348	4318982	3966069
Node_85	265	240	25	10	137714	377223	100035	317977	9.600000	0.400000	4376506	4099319
Node_86	1936	1793	143	29	285268	285268	272503	272503	12.538462	0.202797	4456097	4456097
Node_87	0	0	0	0	0	0	0	0	0.000000	0.000000	4612174	4612174
