id,BAPS,ST,phylogroup
INOMNH284H,12,44,A
INOLKH209F,12,44,A
INOMNH284F,12,44,A
INOLLH069D,12,-,A
INOCHD059A,12,617,A
INOLLH069A,12,-,A
INOCHD059C,12,617,A
INOLLH068D,12,10,A
INOLLD109F,12,34,A
LLH123A,12,6094,A
INOMNH347F,12,10,A
INOLKH217E,12,10,A
INOLLH078A,12,34,A
INOLLH066C,12,4305,A
INOLLH078B,12,34,A
INOAA55D,12,10,A
INOLLD115G,12,10,A
INOLLD115I,12,10,A
INOLLD104C,12,10,A
INOLLH130C,12,10,A
INOLLD98A,12,10,A
INOMNH347I,12,10,A
INOLLH259G,12,10,A
INOLLH029A,12,227,A
INOLLH079D,12,34,A
INOLLH130A,12,10,A
INOLLD98B,12,10,A
INOLKH217D,12,10,A
INOLWH266B,12,34,A
INOLWH241C,12,1488,A
INOLLH079A,12,34,A
INOMNH347H,12,10,A
INOLLH066A,12,4305,A
INOLLD115H,12,10,A
INOCHD98J,12,43,A
INOLLD115J,12,10,A
INOLLH235H,12,10,A
INOLLH268C,12,10,A
INOLLH268A,12,10,A
INOMNH347J,12,10,A
INOLLH093G,12,10,A
INOLLD026C,12,10,A
INOLLH233A,12,10,A
INOLLH067F2,12,10,A
INOLKH217A,12,-,A
INOCHH015B,12,10,A
INOLLH240B,12,10,A
INOLLH255D,12,10,A
INOCHD003Aii,12,167,A
INOLLD026A,12,10,A
INOLLH084D,12,10,A
INOLWD011F,12,13397,A
INOLLD027A,12,10,A
INOMNH106C,12,167,A
INOLLH021F,12,167,A
INOLLH290A,12,7174,A
INOJKH042D,12,10,A
INOLLH290C,12,7174,A
INOLLH325H,12,10,A
INOLLH139B,12,167,A
INOLLH063F,12,10,A
INOLKD067F,12,10,A
INOLLH321H,12,1585,A
INOLLH255A,12,10,A
INOLLH26A2,12,167,A
INOLKD067J,12,10,A
INOLLH290E,12,7174,A
INOLLH170C,12,10,A
INOLLH093F,12,10,A
INOLLH103C,12,10,A
INOLLH233C,12,10,A
INOCHD044Ei,12,10,A
INOLLH321F,12,1585,A
INOLLH325A,12,10,A
INOLLH063J,12,10,A
INOLLH139A,12,167,A
INOMND064A,12,167,A
INOLLH341A,12,167,A
INOMND64C,12,167,A
INOLLH103B,12,10,A
INOLLH021H,12,167,A
INOLLH115A,12,13397,A
INOLLH325B,12,10,A
INOLLH022B,12,10,A
INOLLH240A,12,10,A
INOLLD027E,12,10,A
INOLLH115B,12,13397,A