id	ST	phylogroup	baps_level1	baps_level2	day	month	year	Date
INOLLH170C	10	A	12	44	23	01	2018	23/01/2018
INOLLH233A	10	A	12	44	17	07	2018	17/07/2018
INOLLH233C	10	A	12	44	17	07	2018	17/07/2018
INOLLH063J	10	A	12	44	29	03	2016	29/03/2016
INOLLH063F	10	A	12	44	29	03	2016	29/03/2016
INOCHH015B	10	A	12	44	27	04	2016	27/04/2016
INOLLD026C	10	A	12	44	26	09	2016	26/09/2016
INOLLD026A	10	A	12	44	26	09	2016	26/09/2016
INOLLH325B	10	A	12	44	23	04	2019	23/04/2019
INOLLH325A	10	A	12	44	23	04	2019	23/04/2019
INOLLH093G	10	A	12	44	27	02	2017	27/02/2017
INOLLH093F	10	A	12	44	27	02	2017	27/02/2017
INOLKD067J	10	A	12	44	10	05	2018	10/05/2018
INOLKD067F	10	A	12	44	10	05	2018	10/05/2018
INOLLH255A	10	A	12	44	31	07	2018	31/07/2018
INOLLH255D	10	A	12	44	31	07	2018	31/07/2018
INOLKH209F	44	A	12	41	10	04	2018	10/04/2018
INOMNH284F	44	A	12	41	24	10	2018	24/10/2018
INOMNH284H	44	A	12	41	24	10	2018	24/10/2018
INOLLD027E	10	A	12	44	26	09	2016	26/09/2016
INOLLD027A	10	A	12	44	26	09	2016	26/09/2016
INOLLH321H	1585	A	12	44	16	04	2019	16/04/2019
INOLLH321F	1585	A	12	44	16	04	2019	16/04/2019
INOMND64C	167	A	12	44	18	04	2018	18/04/2018
INOMND064A	167	A	12	44	18	04	2018	18/04/2018
INOLLH26A2	167	A	12	44	01	12	2015	01/12/2015
INOLLH021F	167	A	12	44	24	11	2015	24/11/2015
INOLLH021H	167	A	12	44	24	11	2015	24/11/2015
INOCHD003Aii	167	A	12	44	13	01	2016	13/01/2016
INOLLH139A	167	A	12	44	22	08	2017	22/08/2017
INOLLH139B	167	A	12	44	22	08	2017	22/08/2017
INOLLH069D	-	A	12	42	26	04	2016	26/04/2016
INOLLH069A	-	A	12	42	26	04	2016	26/04/2016
INOCHD059A	617	A	12	42	20	07	2016	20/07/2016
INOCHD059C	617	A	12	42	20	07	2016	20/07/2016
INOMNH106C	167	A	12	44	07	06	2017	07/06/2017
INOLLH341A	167	A	12	44	09	07	2019	09/07/2019
INOLWD011F	13397	A	12	44	02	02	2016	02/02/2016
INOLLH115A	13397	A	12	44	11	07	2017	11/07/2017
INOLLH115B	13397	A	12	44	11	07	2017	11/07/2017
INOLLH240A	10	A	12	44	17	07	2018	17/07/2018
INOLLH240B	10	A	12	44	17	07	2018	17/07/2018
INOLLH067F2	10	A	12	44	29	03	2016	29/03/2016
INOLLH022B	10	A	12	44	24	11	2015	24/11/2015
INOLLH103C	10	A	12	44	23	05	2017	23/05/2017
INOLLH103B	10	A	12	44	23	05	2017	23/05/2017
INOLLH084D	10	A	12	44	10	11	2016	10/11/2016
INOCHD044Ei	10	A	12	44	03	05	2016	03/05/2016
INOLLH325H	10	A	12	44	23	04	2019	23/04/2019
INOLLH290A	7174	A	12	44	30	10	2018	30/10/2018
INOLLH290C	7174	A	12	44	30	10	2018	30/10/2018
INOLLH290E	7174	A	12	44	30	10	2018	30/10/2018
INOLWH241C	1488	A	12	43	24	07	2018	24/07/2018
INOLLD104C	10	A	12	43	19	03	2019	19/03/2019
INOMNH347F	10	A	12	43	17	07	2019	17/07/2019
INOMNH347J	10	A	12	43	17	07	2019	17/07/2019
INOMNH347H	10	A	12	43	17	07	2019	17/07/2019
INOMNH347I	10	A	12	43	17	07	2019	17/07/2019
INOLLH268A	10	A	12	43	04	09	2018	04/09/2018
INOLLH268C	10	A	12	43	04	09	2018	04/09/2018
INOLLH066A	4305	A	12	43	29	04	2016	29/04/2016
INOLLH066C	4305	A	12	43	29	04	2016	29/04/2016
INOCHD98J	43	A	12	43	11	05	2017	11/05/2017
INOLLH259G	10	A	12	43	07	08	2018	07/08/2018
INOLLD115J	10	A	12	43	02	07	2019	02/07/2019
INOLLD115G	10	A	12	43	02	07	2019	02/07/2019
INOLLD115I	10	A	12	43	02	07	2019	02/07/2019
INOLLD115H	10	A	12	43	02	07	2019	02/07/2019
INOLLH130C	10	A	12	43	08	08	2017	08/08/2017
INOLLH130A	10	A	12	43	08	08	2017	08/08/2017
INOLKH217D	10	A	12	43	07	06	2018	07/06/2018
INOLKH217E	10	A	12	43	07	06	2018	07/06/2018
INOLLH235H	10	A	12	43	17	07	2018	17/07/2018
INOLLD98B	10	A	12	43	05	02	2018	05/02/2018
INOLLD98A	10	A	12	43	05	02	2018	05/02/2018
INOLLH068D	10	A	12	43	26	04	2016	26/04/2016
LLH123A	6094	A	12	43	18	07	2017	18/07/2017
INOLLD109F	34	A	12	43	07	05	2019	07/05/2019
INOLLH029A	227	A	12	43	01	12	2015	01/12/2015
INOLWH266B	34	A	12	43	28	08	2018	28/08/2018
INOLLH079A	34	A	12	43	16	08	2016	16/08/2016
INOLLH078A	34	A	12	43	16	08	2016	16/08/2016
INOLLH078B	34	A	12	43	16	08	2016	16/08/2016
INOLLH079D	34	A	12	43	16	08	2016	16/08/2016
INOAA55D	10	A	12	43	28	08	2017	28/08/2017
INOJKH042D	10	A	12	44	15	12	2015	15/12/2015
INOLKH217A	-	A	12	44	07	06	2018	07/06/2018
